ncei_id,usgs_id,d_km,d_giay
5344,usp0005ktj,0.0,0
5348,usp0005mrp,0.0,0
5357,usp0005w12,0.0,0
5397,usp0006qh3,0.0,0
5399,usp0006rew,4.7,1
5406,usp0006uzu,0.0,0
5454,usp0007zev,0.0,0
5568,usp0009vhb,0.0,0
5571,usp0009whz,0.0,0
5578,usp000a1b0,0.0,0
5596,usp000abyg,0.0,0
5695,usp000by66,0.0,0
5708,usp000c3ay,0.0,0
5721,usp000c827,0.0,0
5724,official20030925195006360_27,0.0,0
5729,usp000cae6,0.0,0
5798,usp000d3ka,0.0,0
5799,usp000d3mb,0.0,0
5807,usp000d6vk,0.0,0
5808,usp000d75k,0.0,0
5809,usp000d7x5,0.0,0
5818,usp000d9h1,0.0,0
5822,usp000danq,0.0,0
5833,usp000da6m,0.0,0
5856,usp000djku,0.0,0
6332,usp0007rku,0.0,0
6477,usp00045p0,0.0,0
6484,usp0005b1c,0.0,0
6486,usp0005y2x,0.0,0
6495,usp00075bd,0.0,0
6496,usp00075db,0.0,0
6499,usp0007pe2,0.0,0
6501,usp0007tw5,0.0,0
6602,usp0004f00,0.0,0
6604,usp0006at4,0.0,0
6607,usp0007rp0,0.0,0
6610,usp000cbpa,0.0,0
6640,usp000ddrk,0.0,0
6739,usp000dxe2,0.0,0
6761,usp000dvqt,0.0,0
6827,usp000e462,0.0,0
7248,usp000ek60,0.7,0
7447,usp000889y,0.0,0
7448,usp000f7b5,0.0,0
7502,usp000f9rr,0.0,0
7521,usp000fg9t,4.8,0
7803,usp0009xf4,0.0,0
7907,usp000g9h6,0.0,0
7971,usp000gcjg,0.0,0
8130,usp000g5rx,0.8,2
8134,usp000ggu8,0.0,0
8164,usp000gczp,0.0,0
8252,usp00052gf,0.0,0
8377,usp000h05y,0.0,0
8795,usp000h54s,0.0,0
9032,usp000h7qu,0.0,0
9759,usp000hr97,0.0,0
9797,usp000hvhj,0.0,0
9799,official20110311054624120_30,0.0,0
9804,usp000hzf6,0.0,0
9805,usp000hvpa,0.0,0
9806,usp000hvpg,0.0,0
9818,usp0005ca9,0.0,0
9823,usp000j4gp,0.0,0
9841,usp000hzq8,0.0,0
9878,usp000jg7e,0.0,0
9946,usp000jwjn,0.0,0
9980,usb000g5yg,0.0,0
10035,usb000g9yi,0.0,0
10052,usc000kn4n,0.0,0
10087,usc000nabv,0.0,0
10105,usb000rs50,0.0,0
10122,usb000syza,0.0,0
10131,usb000tpvj,0.0,0
10140,us20002avl,0.0,1
10143,us20002ki3,0.0,0
10163,us10003y71,0.0,0
10177,us20005iis,0.1,0
10200,us20007fta,0.0,1
10209,us10007b88,0.0,0
10324,us2000dwh6,0.0,0
10342,us1000eu1c,0.0,0
10360,us2000h8ty,0.0,0
10418,us600042fx,0.9,0
10481,us10006fdp,0.0,0
10482,usp0008p15,0.0,0
10529,us6000dher,3.1,1
10555,usp000e7b5,0.0,0
10556,us1000dz72,0.0,0
10596,us7000dl6y,0.1,0
10605,us6000h519,0.0,1
10692,us6000k9mb,1.0,0
10707,us6000lcz1,11.1,0
10709,us6000le2t,2.4,1
10727,us6000m0xl,0.0,0
10734,usp000evvx,0.0,0
10743,us6000nith,5.1,0
10754,usp000hvkh,0.0,0
10756,us6000ntz9,4.9,1
10767,us6000pjny,3.2,0
10827,us6000ldbb,0.0,0
10931,us2000bnts,0.0,0
10932,us1000jdig,0.0,0
10940,us6000rmea,10.3,2
10945,us6000rtdt,1.2,1
10946,us6000ruc4,6.5,1
10992,us6000sri7,2.3,2
11013,us6000tgb9,12.4,1
