location_usgs,date,mag_usgs,depth_usgs,aftershocks_24h,deaths_noaa,damage_million_usd,has_tsunami
"2011 Great Tohoku Earthquake, Japan",2011-03-11,9.1,29.0,106,18423.0,4401.709,yes
"8 km S of Akashi, Japan",1995-01-17,6.9,21.9,9,6434.0,100000.0,yes
"2024 Noto Peninsula, Japan Earthquake",2024-01-01,7.5,10.0,30,549.0,17600.0,yes
"6 km ESE of Kumamoto, Japan",2016-04-15,7.0,10.0,22,273.0,20000.0,no
"107 km W of Iwanai, Japan",1993-07-12,7.7,16.7,31,231.0,1207.0,yes
"8 km SSW of Ojiya, Japan",2004-10-23,6.6,16.0,15,68.0,28000.0,no
"27 km ESE of Chitose, Japan",2018-09-06,6.6,35.0,7,44.0,2000.0,no
"The 2026 Kumamoto Region, Japan Earthquake",2026-07-28,6.8,8.0,4,38.0,,no
"24 km WSW of Mizusawa, Japan",2008-06-14,6.9,7.8,16,23.0,,yes
"20 km NNW of Kashiwazaki, Japan",2007-07-16,6.6,12.0,1,15.0,12500.0,yes
"17 km SSW of Ishikawa, Japan",2011-04-11,6.6,11.0,25,7.0,,no
"near the south coast of western Honshu, Japan",2018-06-18,5.5,10.3,1,5.0,7000.0,no
"57 km ENE of Namie, Japan",2022-03-16,7.3,41.0,9,4.0,8800.0,yes
"off the east coast of Honshu, Japan",1994-12-28,7.8,26.5,26,3.0,170.4,yes
"52 km NE of Otofuke, Japan",1993-01-15,7.6,102.2,0,2.0,358.0,no
