date,location,mag,hours_since_prev,hours_to_next,mag_prev_event
1993-01-15,"52 km NE of Otofuke, Japan",7.6,0.0,99.55,6.1
2004-09-05,"119 km ESE of Shing?, Japan",6.51,0.0,32.53,7.4
2011-03-11,"47 km E of ?arai, Japan",7.9,0.0,0.05,6.3
2011-03-11,"208 km E of Namie, Japan",6.4,0.02,0.05,6.3
2011-03-11,"108 km ESE of Kitaibaraki, Japan",6.4,0.02,0.02,6.3
2011-03-11,"134 km ESE of Kamaishi, Japan",6.7,0.02,0.07,6.4
2011-03-11,"61 km ESE of Namie, Japan",6.2,0.02,0.03,6.2
2011-03-11,"128 km SE of ?funato, Japan",6.2,0.02,0.03,6.5
2011-03-11,"284 km ESE of Ishinomaki, Japan",6.1,0.02,0.13,6.2
2011-03-11,"49 km ESE of Kamaishi, Japan",6.3,0.02,0.02,6.1
2011-03-11,"17 km ESE of Namie, Japan",6.0,0.02,0.7,6.3
2011-03-11,"126 km ESE of Ishinomaki, Japan",6.0,0.02,0.07,6.1
1994-10-06,"52 km ENE of Shikotan, Russia",6.1,0.03,83.27,6.0
2011-03-10,"128 km SE of ?funato, Japan",6.5,0.03,32.37,6.0
2011-03-11,"110 km ESE of Ishinomaki, Japan",6.2,0.03,0.1,6.3
