decade,location,mag,depth,date,rank
1990,"48 km E of Shikotan, Russia",8.3,14.0,1994-10-04,1
1990,"128 km ESE of Kuril’sk, Russia",7.9,33.0,1995-12-04,2
1990,"off the east coast of Honshu, Japan",7.8,26.5,1994-12-28,3
2000,2003 Tokachi-Oki Earthquake,8.16,27.0,2003-09-26,1
2000,"118 km ESE of Shing?, Japan",7.4,10.0,2004-09-05,2
2000,"119 km ESE of Shizunai-furukawach?, Japan",7.4,33.0,2003-09-26,2
2000,"Bonin Islands, Japan region",7.4,394.8,2000-08-06,2
2010,"2011 Great Tohoku Earthquake, Japan",9.1,29.0,2011-03-11,1
2010,"47 km E of ?arai, Japan",7.9,42.6,2011-03-11,2
2010,"Bonin Islands, Japan region",7.8,664.0,2015-05-30,3
2020,"2025 Aomori Prefecture, Japan Earthquake",7.6,40.7,2025-12-08,1
2020,"2024 Noto Peninsula, Japan Earthquake",7.5,10.0,2024-01-01,2
2020,"102 km ENE of Miyako, Japan",7.4,25.0,2026-04-20,3
