dia_diem,ngay,mag_usgs,do_sau_usgs,so_chet,thiet_hai_trieu_usd,co_song_than,lech_km,lech_giay
JAPAN:  HONSHU,2011-03-11,9.1,29.0,18423.0,4401.709,co,0.0,0
"JAPAN:  SW HONSHU:  KOBE, AWAJI-SHIMA, NISHINOMIYA",1995-01-17,6.9,21.9,6434.0,100000.0,co,4.7,1
JAPAN: HONSHU: ISHIKAWA,2024-01-01,7.5,10.0,549.0,17600.0,co,0.0,0
"JAPAN:  KUMAMOTO, OITA",2016-04-15,7.0,10.0,273.0,20000.0,khong,0.1,0
JAPAN:  HOKKAIDO; RUSSIA:  SOUTHEAST; SOUTH KOREA,1993-07-12,7.7,16.7,231.0,1207.0,co,0.0,0
JAPAN:  HONSHU:  NIIGATA PREFECTURE,2004-10-23,6.6,16.0,68.0,28000.0,khong,0.0,0
JAPAN:  HOKKAIDO,2018-09-06,6.6,35.0,44.0,2000.0,khong,0.0,0
JAPAN:  KUMAMOTO,2026-07-28,6.8,8.0,38.0,,khong,12.4,1
JAPAN:  HONSHU:  TOKYO,2008-06-14,6.9,7.8,23.0,,co,0.0,0
JAPAN:  HONSHU:  W COAST,2007-07-16,6.6,12.0,15.0,12500.0,co,4.8,0
JAPAN:  HONSHU,2011-04-11,6.6,11.0,7.0,,khong,0.0,0
JAPAN:  OSAKA,2018-06-18,5.5,10.3,5.0,7000.0,khong,0.0,0
JAPAN:  OFF FUKUSHIMA,2022-03-16,7.3,41.0,4.0,8800.0,co,0.0,1
JAPAN: NEAR E COAST HONSHU,2011-04-07,7.1,42.0,3.0,,co,0.0,0
JAPAN:  HONSHU,1994-12-28,7.8,26.5,3.0,170.4,co,0.0,0
