ngay,dia_diem,mag,do_sau_km,thang_do
2011-03-11,"2011 Great Tohoku Earthquake, Japan",9.1,29.0,mww
1994-10-04,"48 km E of Shikotan, Russia",8.3,14.0,mw
2003-09-26,2003 Tokachi-Oki Earthquake,8.16,27.0,mww
1995-12-04,"128 km ESE of Kuril’sk, Russia",7.9,33.0,mw
2011-03-11,"47 km E of ?arai, Japan",7.9,42.6,mwc
2015-05-30,"Bonin Islands, Japan region",7.8,664.0,mww
1994-12-28,"off the east coast of Honshu, Japan",7.8,26.5,mw
1993-07-12,"107 km W of Iwanai, Japan",7.7,16.7,mw
2011-03-11,"272 km ESE of Kamaishi, Japan",7.7,18.6,mwc
1993-01-15,"52 km NE of Otofuke, Japan",7.6,102.2,mw
