id,time,mag,depth,so_tran_24h_truoc,mag_lon_nhat_24h_truoc,mag_tb_24h_truoc,so_tran_7ngay_truoc
usp000hwag,2011-03-12 12:40:05.140000+07:00,4.8,13.4,491,9.1,5.21,549
usp000hwan,2011-03-12 12:53:27.260000+07:00,4.6,35.0,491,7.9,5.2,550
usp000hwaf,2011-03-12 12:33:13.590000+07:00,4.7,35.0,490,9.1,5.21,548
usp000hwas,2011-03-12 12:58:55.960000+07:00,5.1,16.6,489,7.9,5.19,551
usp000hwau,2011-03-12 13:02:48.830000+07:00,4.6,59.1,489,7.9,5.19,553
usp000hwat,2011-03-12 13:00:25.280000+07:00,5.1,30.7,489,7.9,5.19,552
usp000hwad,2011-03-12 12:30:52.530000+07:00,4.8,20.6,489,9.1,5.21,547
usp000hwab,2011-03-12 12:29:06.810000+07:00,4.6,14.4,488,9.1,5.21,546
usp000hwa7,2011-03-12 12:21:38.850000+07:00,4.7,35.9,487,9.1,5.21,545
usp000hwaz,2011-03-12 13:10:45.030000+07:00,5.4,20.1,486,7.9,5.18,555
usp000hwa6,2011-03-12 12:14:53.620000+07:00,4.9,49.8,486,9.1,5.21,544
usp000hway,2011-03-12 13:10:17.960000+07:00,5.1,6.9,485,7.9,5.18,554
usp000hwa5,2011-03-12 12:14:43.250000+07:00,4.6,10.0,485,9.1,5.22,543
usp000hwa4,2011-03-12 12:05:17.020000+07:00,4.6,13.5,484,9.1,5.22,542
usp000hwa3,2011-03-12 12:03:25.800000+07:00,4.7,54.9,483,9.1,5.22,541
usp000hwa2,2011-03-12 12:01:30.610000+07:00,4.8,22.9,482,9.1,5.22,540
usp000hwb0,2011-03-12 13:18:44.570000+07:00,5.5,53.7,482,7.7,5.17,556
usp000hwa0,2011-03-12 11:52:57.130000+07:00,5.7,25.5,481,9.1,5.22,539
usp000hw9z,2011-03-12 11:47:18.840000+07:00,5.1,31.1,480,9.1,5.22,538
usp000hw9x,2011-03-12 11:43:00.730000+07:00,4.9,11.4,479,9.1,5.22,537
