tran_dong_dat,nam,magnitude,so_chet,song_cao_nhat_m,so_diem_do,so_runup_ghep_duoc,runup_cao_nhat_m,runup_trung_binh_m
JAPAN:  HONSHU,2011,9.1,18423.0,39.26,6429,5513,55.88,8.59
JAPAN:  HOKKAIDO; RUSSIA:  SOUTHEAST; SOUTH KOREA,1993,7.7,231.0,32.0,196,136,32.0,2.95
JAPAN: HONSHU: ISHIKAWA,2024,7.5,549.0,11.34,528,510,11.34,2.92
JAPAN:  HOKKAIDO,2003,8.3,2.0,4.4,268,245,4.4,2.17
JAPAN:  RYUKU IS.,1995,7.1,,2.59,42,42,2.59,0.6
JAPAN:  RYUKU IS.,1995,6.8,,1.5,16,16,1.5,0.2
JAPAN: NEAR E COAST HONSHU,2016,6.9,,1.44,44,42,1.44,0.27
JAPAN:  HONSHU:  MIYAGI PREFECTURE,2012,7.2,,1.0,3,3,1.0,1.0
"JAPAN:  HONSHU:  W COAST: KYOTO, WAKAYAMA, SAKAI",2004,7.4,,0.93,24,24,0.93,0.34
JAPAN:  OFF NORTHEAST COAST HONSHU,2026,7.4,,0.8,24,19,0.8,0.29
JAPAN:  IZU ISLANDS,2006,6.4,,0.16,5,5,0.8,0.24
JAPAN:  IZU ISLANDS,2024,5.6,,0.5,12,12,0.7,0.15
JAPAN:  IZU ISLANDS,2023,4.9,,0.6,29,29,0.7,0.19
JAPAN: HONSHU: MISAWA,2025,7.6,,0.7,19,19,0.7,0.27
JAPAN:  HONSHU:  W COAST: KYOTO,2004,7.2,,0.63,12,12,0.63,0.29
